lm_stat,lm_pvalue,f_stat,f_pvalue
13.103867834963367,0.361536564943282,1.0923829565686474,0.36614977052148645
